,title,selftext,author,subreddit,created_utc,upvote_ratio,num_comments,permalink,url
0,CIA rectal torture in Guantánamo Bay condemned by doctor,,abudabu,news,1695497593.0,0.95,163,/r/news/comments/16qd403/cia_rectal_torture_in_guantánamo_bay_condemned_by/,https://www.jpost.com/international/article-732806
1,"Mother gets 78-year prison term for killing daughters, 15 and 5, in Virginia",,shion005,news,1695474101.0,0.95,1294,/r/news/comments/16q3zbx/mother_gets_78year_prison_term_for_killing/,https://apnews.com/article/child-murder-mother-youngblood-virginia-fairfax-1d89e1e700ebe149fb3be2ce748b5d62
2,National Cathedral replaces windows honoring Confederacy with stained-glass homage to racial justice,,Ice_Burn,news,1695495342.0,0.95,92,/r/news/comments/16qc8e8/national_cathedral_replaces_windows_honoring/,https://apnews.com/article/washington-national-cathedral-windows-racial-justice-confederacy-d669541e259665a1ac175980e8721257
3,Russian TV teases launch of Tucker Carlson show,,NutzPup,news,1695483969.0,0.95,354,/r/news/comments/16q7san/russian_tv_teases_launch_of_tucker_carlson_show/,https://www.bbc.com/news/world-europe-66894124
4,"Oklahoma judge opened fire while driving and intentionally crashed his car, police say",,cited,news,1695479327.0,0.97,263,/r/news/comments/16q5xyb/oklahoma_judge_opened_fire_while_driving_and/,https://www.nbcnews.com/news/us-news/oklahoma-judge-opened-fire-driving-intentionally-crashed-car-police-sa-rcna116926
5,"Jerry Falwell Jr. accuses Liberty University officials of sexual misconduct, questionable financial dealings amid trademark lawsuit",,IT_Chef,news,1695470221.0,0.95,258,/r/news/comments/16q2msn/jerry_falwell_jr_accuses_liberty_university/,https://wset.com/news/local/jerry-falwell-jr-accuses-liberty-university-officials-of-sexual-misconduct-questionable-financial-dealings-amid-trademark-lawsuit
6,Louisiana police accused of ‘unconscionable’ abuse in ‘Brave Cave’,,Quirkie,news,1695491664.0,0.96,40,/r/news/comments/16qasv5/louisiana_police_accused_of_unconscionable_abuse/,https://www.theguardian.com/us-news/2023/sep/23/louisiana-police-brave-cave-baton-rouge-warehouse-torture
7,Drought sparks drinking water concerns as saltwater creeps up Mississippi River | Louisiana,,EaglesPDX,news,1695469862.0,0.97,119,/r/news/comments/16q2ipe/drought_sparks_drinking_water_concerns_as/,https://www.theguardian.com/us-news/2023/sep/22/louisiana-drought-drinking-water-mississippi-river-saltwater-new-orleans
8,"Exclusive: Satellite images show increased activity at nuclear test sites in Russia, China and US | CNN",,yourdonefor_wt,news,1695492713.0,0.92,111,/r/news/comments/16qb7es/exclusive_satellite_images_show_increased/,https://www.cnn.com/2023/09/22/asia/nuclear-testing-china-russia-us-exclusive-intl-hnk-ml/index.html
9,Iowa man disappears on the day a jury finds him guilty of killing his wife,,shion005,news,1695473791.0,0.97,158,/r/news/comments/16q3v2e/iowa_man_disappears_on_the_day_a_jury_finds_him/,https://apnews.com/article/murder-suspect-disappears-ottumwa-iowa-3a83e484aede84149bdcf05975ef1db6
10,US pledges $100M to back proposed Kenyan-led multinational force to Haiti,,getBusyChild,news,1695505719.0,0.93,47,/r/news/comments/16qga3k/us_pledges_100m_to_back_proposed_kenyanled/,https://apnews.com/article/haiti-violence-united-nations-4acd3429d1bd84020efac538ba6c8746
11,Trucker ticketed after wedging helicopter beneath I-12 overpass in Denham Springs,,Gravityparticle,news,1695473391.0,0.97,153,/r/news/comments/16q3pva/trucker_ticketed_after_wedging_helicopter_beneath/,https://www.wbrz.com/news/trucker-ticketed-after-wedging-helicopter-beneath-i-12-overpass-in-denham-springs
12,National Cathedral swaps Confederate windows for Kerry James Marshall’s art - The Washington Post,,NBCspec,news,1695499123.0,0.92,29,/r/news/comments/16qdott/national_cathedral_swaps_confederate_windows_for/,https://www.washingtonpost.com/religion/2023/09/23/national-cathedral-kerry-james-marshall-windows/
13,"Ukrainian forces have broken through in Verbove, top general says | CNN",,space_force_majeure,news,1695475726.0,0.95,16,/r/news/comments/16q4kt1/ukrainian_forces_have_broken_through_in_verbove/,https://www.cnn.com/2023/09/23/europe/ukraine-biggest-counteroffensive-to-come-intl-hnk/index.html
14,Thousands in New York City protest Israel’s judicial overhaul as Netanyahu addresses UN,,Im__Bruce_Wayne__AMA,news,1695510767.0,0.9,3,/r/news/comments/16qi6fb/thousands_in_new_york_city_protest_israels/,https://www.theguardian.com/us-news/2023/sep/22/israel-netanyahu-new-york-protest-judicial-overhaul
15,Federal judge overturns California ban on high-capacity gun magazines,,jeetah,news,1695519340.0,0.78,44,/r/news/comments/16ql4te/federal_judge_overturns_california_ban_on/,https://www.cnn.com/2023/09/23/us/california-gun-magazine-ban-overturned/index.html
16,Baylor settles years-long federal lawsuit in sexual assault scandal that rocked Baptist school,,pantsmeplz,news,1695479328.0,0.93,18,/r/news/comments/16q5xyq/baylor_settles_yearslong_federal_lawsuit_in/,https://apnews.com/article/baylor-sexual-assault-scandal-settlement-3892e701198641c316ab481044ebedca
17,"Woman propped up to look alive for family after already being declared dead at Adena Hospital, records show",,NYVines,news,1695429077.0,0.96,476,/r/news/comments/16pq8qg/woman_propped_up_to_look_alive_for_family_after/,https://sciotovalleyguardian.com/2023/09/20/woman-propped-up-to-look-alive-for-family-after-already-being-declared-dead-at-adena-hospital-records-show/
18,Panel finds 9/11 defendant unfit for trial after CIA torture rendered him psychotic | Guantánamo Bay,,koi-lotus-water-pond,news,1695410259.0,0.94,2230,/r/news/comments/16pit0d/panel_finds_911_defendant_unfit_for_trial_after/,https://www.theguardian.com/us-news/2023/sep/22/september-11-defendant-declared-unfit-trial-cia-abuse-psychotic
19,China sentences Uyghur scholar to life in jail,,XiPoohBear2021,news,1695485787.0,0.91,9,/r/news/comments/16q8ian/china_sentences_uyghur_scholar_to_life_in_jail/,https://www.bbc.co.uk/news/world-asia-66900526
20,US mother sentenced to two years in prison for giving daughter abortion pills,,davidreiss666,news,1695402992.0,0.9,2918,/r/news/comments/16pfvli/us_mother_sentenced_to_two_years_in_prison_for/,https://www.theguardian.com/us-news/2023/sep/22/burgess-abortion-pill-nebraska-mother-daughter
21,"At 13 Baltimore City high schools, zero students tested proficient on 2023 state math exam",,boxofstuff,news,1695410050.0,0.97,1151,/r/news/comments/16pipu2/at_13_baltimore_city_high_schools_zero_students/,https://foxbaltimore.com/news/project-baltimore/at-13-baltimore-city-high-schools-zero-students-tested-proficient-on-2023-state-math-exam
22,Kentucky man dies after swarm of bees attacks him on his porch,,fungobat,news,1695519776.0,0.9,5,/r/news/comments/16ql9ti/kentucky_man_dies_after_swarm_of_bees_attacks_him/,https://www.theguardian.com/us-news/2023/sep/23/kentucky-man-dies-bees-attack
23,The least we can do is care for their children’: Libyans rally to protect Derna’s orphans,,SunCloud-777,news,1695462808.0,0.94,3,/r/news/comments/16q0fe3/the_least_we_can_do_is_care_for_their_children/,https://www.theguardian.com/world/2023/sep/22/orphans-children-derna-libya-floods
24,White House creates office for gun violence prevention,,davidreiss666,news,1695416622.0,0.93,404,/r/news/comments/16plcsl/white_house_creates_office_for_gun_violence/,https://www.cbsnews.com/news/white-house-office-for-gun-violence-prevention/
25,"Affidavits: Baby nearly dies after being found with more than 50 rat bites, nearly missing fingers",,p4177y,news,1695405151.0,0.96,554,/r/news/comments/16pgr8c/affidavits_baby_nearly_dies_after_being_found/,https://www.14news.com/2023/09/21/affidavits-baby-nearly-dies-after-being-found-with-more-than-50-rat-bites-nearly-missing-fingers/
26,1.5 million people asked to conserve water in Seattle because of statewide drought,,mihirmusprime,news,1695416327.0,0.98,198,/r/news/comments/16pl8ea/15_million_people_asked_to_conserve_water_in/,https://abcnews.go.com/US/wireStory/15-million-people-asked-conserve-water-seattle-statewide-103395078
27,Amazon will start putting ads in Prime Video in push to increase revenues,,davetowers646,news,1695399245.0,0.92,1908,/r/news/comments/16pedsc/amazon_will_start_putting_ads_in_prime_video_in/,https://www.nbcnews.com/business/business-news/amazon-bringing-ads-prime-video-announces-higher-priced-ad-free-option-rcna116865
28,Police: EVSC teacher fired after bringing meth to Family Fun Night,,Puzzleworth,news,1695427318.0,0.96,66,/r/news/comments/16ppltl/police_evsc_teacher_fired_after_bringing_meth_to/,https://www.14news.com/2023/09/21/police-evsc-teacher-fired-after-bringing-meth-family-fun-night/
29,"Sen. Bob Menendez and wife indicted on bribery charges, Justice Department says",,besselfunctions,news,1695389865.0,0.97,844,/r/news/comments/16paklq/sen_bob_menendez_and_wife_indicted_on_bribery/,https://www.cnn.com/2023/09/22/politics/bob-menendez-charges/index.html
30,Former Italian President Giorgio Napolitano dies aged 98,,davidreiss666,news,1695478013.0,0.82,3,/r/news/comments/16q5fj8/former_italian_president_giorgio_napolitano_dies/,https://www.france24.com/en/europe/20230923-former-italian-president-giorgio-napolitano-dies-aged-98
31,B.C. Premier suspects Ottawa holding on to information about foreign interference,,Mahameghabahana,news,1695464081.0,0.88,11,/r/news/comments/16q0sbt/bc_premier_suspects_ottawa_holding_on_to/,https://www.cbc.ca/news/canada/british-columbia/david-eby-ottawa-intelligence-foreign-interference-1.6976155
32,Capitol rioter who attacked AP photographer and police officers is sentenced to 5 years in prison,,Quirkie,news,1695398110.0,0.97,136,/r/news/comments/16pdwx4/capitol_rioter_who_attacked_ap_photographer_and/,https://apnews.com/article/rodney-milstreed-capitol-riot-sentencing-d9ace182fd824a0771e5940ba91c4345
33,"UAW president announces 38 more strike locations targeting GM, Stellantis",,Easy-Constant-5887,news,1695394173.0,0.97,219,/r/news/comments/16pcb48/uaw_president_announces_38_more_strike_locations/,https://abcnews.go.com/Business/uaw-strike-negotiations-deadline-general-motors-ford-stellantis/story?id=103403691
34,Credit card losses are rising at the fastest pace since the Great Financial Crisis,,ChocolateTsar,news,1695403586.0,0.96,355,/r/news/comments/16pg4b7/credit_card_losses_are_rising_at_the_fastest_pace/,https://www.cnbc.com/2023/09/22/credit-card-losses-are-rising-at-the-fastest-pace-since-the-great-financial-crisis.html
35,"More than 35,000 people register to vote after Taylor Swift post",,Minezenroll,news,1695369588.0,0.9,1720,/r/news/comments/16p4ces/more_than_35000_people_register_to_vote_after/,https://www.cbsnews.com/detroit/news/taylor-swift-encourages-voter-registration/
36,Chicago police investigated over alleged sexual misconduct with asylum seekers,,Quirkie,news,1695412178.0,0.96,39,/r/news/comments/16pjkrm/chicago_police_investigated_over_alleged_sexual/,https://www.theguardian.com/us-news/2023/sep/22/chicago-police-accused-of-sexual-misconduct-with-asylum-seekers
37,"3 crocodiles ""could have easily devoured"" a stray dog in their river. They pushed it to safety instead.",,headee,news,1695372996.0,0.96,481,/r/news/comments/16p57nf/3_crocodiles_could_have_easily_devoured_a_stray/,https://www.cbsnews.com/news/3-crocodiles-could-have-easily-devoured-a-stray-dog-in-their-river-they-pushed-it-to-safety-instead/?ftag=CNM-00-10aac3a
38,Biden tells Zelenskyy U.S. will send Ukraine ATACMS long-range missiles,,yeoz,news,1695397415.0,0.94,177,/r/news/comments/16pdmla/biden_tells_zelenskyy_us_will_send_ukraine_atacms/,https://www.nbcnews.com/news/world/russia-ukraine-war-atacms-biden-zelenskyy-long-range-missile-rcna116876
39,"Surgeons perform second pig heart transplant, trying to save a dying man",,bellyflop2,news,1695411294.0,0.95,65,/r/news/comments/16pj7ve/surgeons_perform_second_pig_heart_transplant/,https://www.thebaltimorebanner.com/community/public-health/university-of-maryland-surgeons-perform-second-pig-heart-transplant-trying-to-save-a-dying-man-SMR6BB4S4JH4BFUNKOCA3ZFNBE/?schk=&rchk=&utm_source=The+Baltimore+Banner&utm_campaign=3ab44c17f7-NL_ALRT_20230922_1455&utm_medium=email&utm_term=0_-3ab44c17f7-%5BLIST_EMAIL_ID%5D&mc_cid=3ab44c17f7&mc_eid=cf6def9023
40,"Estimated 55 dogs removed from Chandler home, woman arrested amid animal abuse investigation",,_mattske,news,1695521038.0,1.0,0,/r/news/comments/16qloh4/estimated_55_dogs_removed_from_chandler_home/,https://www.abc15.com/news/crime/chandler-pd-serve-search-warrant-on-home-amid-animal-abuse-investigation
41,Gov. Gretchen Whitmer signs legislation to ban child marriage in Michigan,,LevitatingTurtles,news,1695348756.0,0.96,1536,/r/news/comments/16oyc3z/gov_gretchen_whitmer_signs_legislation_to_ban/,https://www.cbsnews.com/detroit/news/gov-gretchen-whitmer-signs-legislation-to-ban-child-marriage-in-michigan/
42,"Ukraine launches missile attack on Russia's Black Sea Fleet headquarters in Crimea, officials say",,justacoupleqs,news,1695397234.0,0.96,60,/r/news/comments/16pdjzb/ukraine_launches_missile_attack_on_russias_black/,https://www.cnn.com/2023/09/22/europe/ukraine-black-sea-attack-crimea-intl/index.html
43,California attorney general sues groups over abortion reversal claims,,AudibleNod,news,1695393449.0,0.95,32,/r/news/comments/16pc04t/california_attorney_general_sues_groups_over/,https://www.cnn.com/2023/09/22/us/california-lawsuit-mifepristone-reversal-claim/index.html
44,Energy Department announces $325M for batteries that can store clean electricity longer,,donnygel,news,1695389116.0,0.97,32,/r/news/comments/16paafz/energy_department_announces_325m_for_batteries/,https://apnews.com/article/climate-stored-energy-battery-power-19ca4fd43a0e3547140a67378db4077a
45,2 Florida kids stole their mother’s car,,ExtonGuy,news,1695519591.0,0.55,3,/r/news/comments/16ql7n2/2_florida_kids_stole_their_mothers_car/,https://www.cnn.com/2023/09/23/us/florida-children-steal-mothers-car/index.html
46,"Tropical Storm Ophelia forms off the US mid-Atlantic coast, expected to bring heavy rain and wind",,getBusyChild,news,1695409522.0,0.95,27,/r/news/comments/16pii4w/tropical_storm_ophelia_forms_off_the_us/,https://apnews.com/article/tropical-storm-carolina-delaware-landfall-rain-flooding-6cdc050e4114add7ccbaea9032752e53
47,Pilots racing in WWII-era planes die in midair collision shortly after first-second finish in Reno,,Finngolian_Monk,news,1695382135.0,0.96,128,/r/news/comments/16p7tmu/pilots_racing_in_wwiiera_planes_die_in_midair/,https://apnews.com/article/california-pilots-identified-reno-air-race-crash-d9e4270f18dc50cdc16b83ca98e4d4c8
48,United States and China launch economic and financial working groups with aim of easing tensions,,Aengus531,news,1695394545.0,0.94,38,/r/news/comments/16pcgkz/united_states_and_china_launch_economic_and/,https://www.kob.com/news/business-money/united-states-and-china-launch-economic-and-financial-working-groups-with-aim-of-easing-tensions/
49,"Shimano recalls 760,000 bike cranksets over crash hazard following several injury reports",,donnygel,news,1695391844.0,0.95,49,/r/news/comments/16pbcmp/shimano_recalls_760000_bike_cranksets_over_crash/,https://apnews.com/article/bike-crank-recall-shimano-crash-hazard-injuries-2827de0017dcd5ea38c6af7df5089885
50,Wave of migrants that halted trains in Mexico started with migrant smuggling industry in Darien Gap,,GreyhoundsAreFast,news,1695393332.0,0.92,35,/r/news/comments/16pbyft/wave_of_migrants_that_halted_trains_in_mexico/,https://apnews.com/article/mexico-migrants-darien-gap-trains-7fa1f413f816d036ed06f0ef7c5d05b1
51,Newborn baby girl found dead at recycling center identified 10 years later; Father charged,,davidreiss666,news,1695330547.0,0.98,189,/r/news/comments/16orfoz/newborn_baby_girl_found_dead_at_recycling_center/,https://abcstlouis.com/news/nation-world/newborn-baby-girl-found-dead-at-recycling-center-identified-10-years-later-father-charged-arrested-cold-case-suspect-portland-manslaughter-criminal-mistreatment-rape-sexual-assault-concealing-birth-infant-umbilical-cord-pregnancy-pregnant-term
52,India’s Parliament passes law that will reserve a third of legislature seats for women from 2029,,Aggravating_Boy3873,news,1695397581.0,0.87,18,/r/news/comments/16pdp2e/indias_parliament_passes_law_that_will_reserve_a/,https://apnews.com/article/india-women-legislature-seats-reservation-7caa0a682a6a533f3946e96c334597f9
53,"'Euphoria' star Angus Cloud accidentally overdosed on meth, cocaine, fentanyl, coroner says",,aaaronbrown,news,1695321267.0,0.94,1770,/r/news/comments/16onglo/euphoria_star_angus_cloud_accidentally_overdosed/,https://apnews.com/article/angus-cloud-overdose-death-euphoria-18ae99162e7adf812bc246c327c90929
54,French reporter arrested over leaked secrets,,hhh888hhhh,news,1695398543.0,0.94,3,/r/news/comments/16pe3lq/french_reporter_arrested_over_leaked_secrets/,https://www.bbc.com/news/world-europe-66870060
55,"Rudy Giuliani snubbed judge’s order in defamation case, election worker says",,JBupp,news,1695378104.0,0.93,17,/r/news/comments/16p6lff/rudy_giuliani_snubbed_judges_order_in_defamation/,https://www.nbcnews.com/politics/politics-news/giuliani-snubbed-judges-order-defamation-case-election-worker-says-rcna111484
56,Boston College suspends swimming and diving program due to hazing,,Daggmaskar,news,1695348999.0,0.97,69,/r/news/comments/16oyf3h/boston_college_suspends_swimming_and_diving/,https://abcnews.go.com/US/boston-college-suspends-swimming-diving-program-hazing/story?id=103357371
57,Rupert Murdoch steps down as chairman of Fox and News Corp.,,AbuSaho,news,1695302208.0,0.94,1950,/r/news/comments/16ofp07/rupert_murdoch_steps_down_as_chairman_of_fox_and/,https://www.cnbc.com/2023/09/21/rupert-murdoch-steps-down-as-chairman-of-fox-and-news-corp.html
58,New report urges police to reduce high-speed chases,,veryspcguy2017,news,1695341416.0,0.95,190,/r/news/comments/16ovtq0/new_report_urges_police_to_reduce_highspeed_chases/,https://www.atlantanewsfirst.com/app/2023/09/21/new-report-urges-police-reduce-high-speed-chases/
59,"Credit card rates are practically in ‘loan shark’ territory as they hit record highs, advisor says",,AshIsGroovy,news,1695316630.0,0.97,678,/r/news/comments/16olge0/credit_card_rates_are_practically_in_loan_shark/,https://www.cnbc.com/2023/09/21/credit-card-interest-rates-near-loan-shark-territory-advisor-says.html
60,"Wyoming ranch accused of abusing children, unsanitary conditions will now operate without inspections",,ninjascotsman,news,1695313476.0,0.97,305,/r/news/comments/16ok98c/wyoming_ranch_accused_of_abusing_children/,https://www.nbcnews.com/news/us-news/wyoming-ranch-accused-abusing-children-unsanitary-conditions-will-now-rcna105667
61,First private US passenger rail line in 100 years is about to link Miami and Orlando at high speed,,TupperwareConspiracy,news,1695312113.0,0.97,598,/r/news/comments/16ojovt/first_private_us_passenger_rail_line_in_100_years/,https://apnews.com/article/highspeed-rail-trains-brightline-florida-ac55cc43685666ae10ef3307512d5f33
62,"Ruby Franke’s son says he was tied up, had wounds dressed with cayenne, honey",,zuuzuu,news,1695316539.0,0.97,304,/r/news/comments/16olf6q/ruby_frankes_son_says_he_was_tied_up_had_wounds/,https://globalnews.ca/news/9975942/ruby-franke-son-cayenne-honey-jodi-hildebrandt/
63,Biden administration forgives $37 million in student debt for defrauded borrowers,,WhileFalseRepeat,news,1695316085.0,0.95,182,/r/news/comments/16ol9bh/biden_administration_forgives_37_million_in/,https://www.cnbc.com/2023/09/20/biden-administration-forgives-37-million-in-university-of-phoenix-student-debt.html
64,"Principals made and shared meme of student's nude breast, lawsuit alleges",,incognitomxnd,news,1695301786.0,0.96,359,/r/news/comments/16ofj99/principals_made_and_shared_meme_of_students_nude/,https://www.nbcnews.com/news/principals-made-shared-meme-students-nude-breast-lawsuit-alleges-rcna107998
65,Mother of 6-year-old boy who shot his teacher in Virginia could be jailed for failing drug tests,,Miguenzo,news,1695299413.0,0.97,322,/r/news/comments/16oenrt/mother_of_6yearold_boy_who_shot_his_teacher_in/,https://apnews.com/article/teacher-shot-mother-deja-taylor-jail-7b864510dd53d303d6f3aab36f47393d
66,California is engaged in the world’s largest dam removal project in hopes of letting nature rebound,,Hay-blinken,news,1695311336.0,0.98,195,/r/news/comments/16ojd2d/california_is_engaged_in_the_worlds_largest_dam/,https://www.nbcnews.com/science/environment/california-engaged-worlds-largest-dam-removal-project-hopes-letting-na-rcna107962
67,Disney CEO says company will 'quiet the noise' in culture wars -analyst,,Throwingdartsmouth,news,1695291986.0,0.93,1447,/r/news/comments/16oc9zl/disney_ceo_says_company_will_quiet_the_noise_in/,https://www.reuters.com/business/media-telecom/disney-ceo-says-company-will-quiet-noise-culture-wars-analyst-2023-09-20/
68,Southern Baptist Convention expels Oklahoma church after pastor defends performing in blackface while impersonating Ray Charles,,AudibleNod,news,1695314319.0,0.95,132,/r/news/comments/16okl7z/southern_baptist_convention_expels_oklahoma/,https://www.cnn.com/2023/09/20/us/southern-baptist-convention-oklahoma-church-blackface/index.html
69,At least 1 killed when bus carrying high schoolers crashes on way to band camp,,finester39,news,1695327102.0,0.94,56,/r/news/comments/16opzj4/at_least_1_killed_when_bus_carrying_high/,https://abcnews.go.com/US/bus-carrying-high-schoolers-headed-band-camp-involved/story?id=103385442
70,"Hollywood workers resort to fleamarkets, bake sales as strike drags on",,donnygel,news,1695294361.0,0.95,458,/r/news/comments/16ocyl2/hollywood_workers_resort_to_fleamarkets_bake/,https://www.reuters.com/world/us/hollywood-workers-resort-flea-markets-bake-sales-strikes-drag-2023-09-21/
71,"Testimony begins in officers’ trial over death of Elijah McClain, who was put in neck hold, sedated",,donnygel,news,1695299002.0,0.97,158,/r/news/comments/16oeija/testimony_begins_in_officers_trial_over_death_of/,https://apnews.com/article/trial-elijah-mcclain-neck-hold-c021bc0bfabb50853cbfb47aeeac7f1f
72,"US offers almost 500,000 Venezuelans legal status",,Suspicious-Pasta-Bro,news,1695302738.0,0.89,818,/r/news/comments/16ofw65/us_offers_almost_500000_venezuelans_legal_status/,https://www.bbc.com/news/world-us-canada-66875264
73,"Missing Florida siblings, 10 and 11, found driving stolen mom's car 3 hours from home: deputies",,djb151,news,1695313250.0,0.96,89,/r/news/comments/16ok618/missing_florida_siblings_10_and_11_found_driving/,https://fox35orlando.com/news/missing-florida-siblings-10-and-11-found-driving-stolen-moms-car-3-hours-from-home-deputies
74,California orders bottled water firm to stop drawing from natural springs,,davidreiss666,news,1695261063.0,0.97,598,/r/news/comments/16o36uu/california_orders_bottled_water_firm_to_stop/,https://www.theguardian.com/us-news/2023/sep/20/california-bottled-water-arrowhead-springs
75,"Airbnb says it's cracking down on fake listings and has removed 59,000 of them this year",,Aengus531,news,1695298080.0,0.95,155,/r/news/comments/16oe6i1/airbnb_says_its_cracking_down_on_fake_listings/,https://www.kob.com/news/business-money/airbnb-says-its-cracking-down-on-fake-listings-and-has-removed-59000-of-them-this-year/
76,Haiti's government to oversee canal project that prompted Dominican Republic to close all borders,,getBusyChild,news,1695333959.0,0.95,17,/r/news/comments/16osx7o/haitis_government_to_oversee_canal_project_that/,https://apnews.com/article/haiti-dominican-republic-canal-river-border-638e9ea08db3b18e91cfbdbc341b1e8b
77,"Tropical storm warning issued for US East Coast ahead of potential cyclone, forecasters say",,getBusyChild,news,1695321348.0,0.96,25,/r/news/comments/16onhtw/tropical_storm_warning_issued_for_us_east_coast/,https://apnews.com/article/tropical-storm-carolina-delaware-nigel-atlantic-d977a22f70a6f96ce136a710988d9f60
78,Walmart opens a pet center with veterinary care and grooming as it signals bigger ambitions,,GetEdgeful,news,1695304015.0,0.9,215,/r/news/comments/16ogdgo/walmart_opens_a_pet_center_with_veterinary_care/,https://www.cnbc.com/2023/09/20/walmart-opens-pet-center-with-veterinary-care-and-grooming.html
79,India visa processing centre in Canada suspends visa services,,rudhdogg,news,1695294366.0,0.91,279,/r/news/comments/16ocyne/india_visa_processing_centre_in_canada_suspends/,https://www.cbc.ca/news/world/india-visa-services-suspend-canadian-1.6973665
80,U.S. will again offer free at-home Covid tests starting Monday,,zmlos,news,1695238029.0,0.95,728,/r/news/comments/16nu2yw/us_will_again_offer_free_athome_covid_tests/,https://www.cnbc.com/2023/09/20/us-will-again-offer-free-at-home-covid-tests-starting-monday.html?__source=iosappshare%7Ccom.apple.UIKit.activity.CopyToPasteboard
81,"Donald Trump Jr.’s X account apparently hacked, announces father’s death",,grungegoth,news,1695227240.0,0.9,1580,/r/news/comments/16npmih/donald_trump_jrs_x_account_apparently_hacked/,https://www.click2houston.com/news/local/2023/09/20/donald-trump-jrs-x-account-apparently-hacked-announces-fathers-death/
82,Mississippi sees 10-fold increase in babies born with syphilis since 2016: Report,,davidreiss666,news,1695231442.0,0.97,643,/r/news/comments/16nrdp8/mississippi_sees_10fold_increase_in_babies_born/,https://abcnews.go.com/Health/mississippi-sees-10-fold-increase-babies-born-syphilis/story?id=103340318
83,"$10,000 bill from Great Depression era sells for $480,000 at auction | CNN",,ArmChairAnalyst86,news,1695257925.0,0.97,84,/r/news/comments/16o218i/10000_bill_from_great_depression_era_sells_for/,https://www.cnn.com/style/article/great-depression-era-bill-auction-intl-scli/index.html
84,Sufjan Stevens: Songwriter cannot walk after being diagnosed with rare disease,,jerrylovesbacon,news,1695240008.0,0.97,173,/r/news/comments/16nuv9g/sufjan_stevens_songwriter_cannot_walk_after_being/,https://www.bbc.com/news/entertainment-arts-66869095
85,A 96-year-old federal judge was barred from hearing cases in a fight over her fitness,,Super_Bob,news,1695288065.0,0.94,83,/r/news/comments/16ob7pg/a_96yearold_federal_judge_was_barred_from_hearing/,https://www.npr.org/2023/09/20/1200674883/a-96-year-old-federal-judge-was-barred-from-hearing-cases-in-a-fight-over-her-fi
86,South Korea's Yoon tells UN that Russia helping North Korea would be 'direct provocation',,Difficult-Top9010,news,1695300043.0,0.92,19,/r/news/comments/16oewgc/south_koreas_yoon_tells_un_that_russia_helping/,https://www.reuters.com/world/asia-pacific/south-koreas-yoon-highlight-illicit-nkorea-russia-military-ties-un-2023-09-20/
87,George RR Martin and John Grisham among group of authors suing OpenAI,,kdlangequalsgoddess,news,1695253930.0,0.93,246,/r/news/comments/16o0kwa/george_rr_martin_and_john_grisham_among_group_of/,https://www.theguardian.com/books/2023/sep/20/authors-lawsuit-openai-george-rr-martin-john-grisham
88,Google sued for negligence after man drove off collapsed bridge while following map directions,,Ecen_genius,news,1695233443.0,0.95,618,/r/news/comments/16ns72q/google_sued_for_negligence_after_man_drove_off/,https://apnews.com/article/google-maps-lawsuit-north-carolina-death-f4707247ee3295bf51bbcb37bd0eb6c8
89,"Louisiana police held detainees in ‘torture warehouse,’ lawsuits say",,Delmarvablacksmith,news,1695220438.0,0.96,329,/r/news/comments/16nmu6k/louisiana_police_held_detainees_in_torture/,https://www.washingtonpost.com/nation/2023/09/20/baton-rouge-police-brave-cave-lawsuits/
90,"Kraft recalls 84,000 cases of American cheese slices over choking hazard",,davidreiss666,news,1695230503.0,0.97,621,/r/news/comments/16nr027/kraft_recalls_84000_cases_of_american_cheese/,https://www.nbcchicago.com/news/business/money-report/kraft-recalls-84000-cases-of-american-cheese-slices-over-choking-hazard/3232425/
91,Ex-Trump aide Cassidy Hutchinson claims Rudy Giuliani groped her on January 6 | US news | The Guardian,,Jaded-Parsley-2054,news,1695234721.0,0.95,160,/r/news/comments/16nsq7a/extrump_aide_cassidy_hutchinson_claims_rudy/,https://theguardian.com/us-news/2023/sep/20/rudy-giuliani-grope-cassidy-hutchinson-claim-january-6-trump-aide
92,East Bay woman gets prison for embezzling $1.7M from Men's Wearhouse,,nosotros_road_sodium,news,1695239284.0,0.97,102,/r/news/comments/16nukyr/east_bay_woman_gets_prison_for_embezzling_17m/,https://www.cbsnews.com/sanfrancisco/news/mens-wearhouse-1-7-million-embezzlement-danville-woman-gets-prison/
93,Did your kids buy gear in Fortnite without asking you? The FTC says you could get a refund,,N8CCRG,news,1695213928.0,0.97,311,/r/news/comments/16nkedl/did_your_kids_buy_gear_in_fortnite_without_asking/,https://apnews.com/article/fortnite-kids-refund-ftc-vbucks-llama-1dc3fc39a12e0076a644fa634e4b0371
94,"Protesters, counter-protesters shut down Ottawa streets over LGBTQ rights in schools | CBC News",,Zwiens06,news,1695240535.0,0.91,142,/r/news/comments/16nv34d/protesters_counterprotesters_shut_down_ottawa/,https://www.cbc.ca/news/canada/ottawa/protesters-counter-protesters-shut-down-ottawa-streets-over-lgbtq-rights-in-schools-1.6972439
95,"UAW, Detroit Three in standoff as wider strike looms",,mintylips,news,1695252289.0,0.95,43,/r/news/comments/16nzyf3/uaw_detroit_three_in_standoff_as_wider_strike/,https://www.reuters.com/business/autos-transportation/canadian-union-unifor-reaches-tentative-agreement-with-ford-2023-09-20/
96,US book bans and attempted bans rise as efforts extend to public libraries,,hybridaaroncarroll,news,1695234358.0,0.93,153,/r/news/comments/16nskog/us_book_bans_and_attempted_bans_rise_as_efforts/,https://theguardian.com/books/2023/sep/20/book-bans-us-rise-public-libraries
97,U.S. soldiers accused of smuggling and distributing synthetic marijuana in South Korea,,-Fuck-You-Charles-,news,1695225290.0,0.96,133,/r/news/comments/16noti0/us_soldiers_accused_of_smuggling_and_distributing/,https://www.nbcnews.com/news/world/us-soldiers-accused-smuggling-synthetic-marijuana-south-korea-rcna107946
98,‘Self-serving propaganda’: Hadden survivors respond to Shafik and Armstrong’s statement,,bbb23sucks,news,1695300761.0,0.69,1,/r/news/comments/16of5rp/selfserving_propaganda_hadden_survivors_respond/,https://www.columbiaspectator.com/news/2023/09/20/self-serving-propaganda-hadden-survivors-respond-to-shafik-and-armstrongs-statement/
99,Woman Sues San Francisco McDonald’s After Being Burned by Hot Coffee,,nosotros_road_sodium,news,1695178304.0,0.89,2294,/r/news/comments/16na4ee/woman_sues_san_francisco_mcdonalds_after_being/,https://sfstandard.com/2023/09/18/mcdonalds-coffee-scalding-spill-burns-lawsuit-san-francisco/
